City ID,City,Latitude,Longitude,Max Temperature (F),Humidity (%),Clouds (%),Wind Speed (mph),Country,DT,Date
2142316,yeppoon,-23.1333,150.7333,78.58,62.0,0.0,7.92,AU,1644447537,2022-02-09 22:58:57
5282297,bethel,41.3712,-73.414,39.07,63.0,17.0,5.08,US,1644447443,2022-02-09 22:57:23
5924351,clyde river,70.4692,-68.5914,-19.97,69.0,0.0,20.71,CA,1644447537,2022-02-09 22:58:57
4031574,provideniya,64.3833,-173.3,-2.09,60.0,0.0,15.66,RU,1644447529,2022-02-09 22:58:49
3833367,ushuaia,-54.8,-68.3,51.42,50.0,75.0,16.11,AR,1644447310,2022-02-09 22:55:10
3723841,ananas,19.2466,-71.9557,75.27,78.0,84.0,2.8,HT,1644447538,2022-02-09 22:58:58
602150,umea,63.8284,20.2597,27.91,86.0,0.0,8.05,SE,1644447538,2022-02-09 22:58:58
1633070,palembang,-2.9167,104.7458,75.29,94.0,40.0,2.3,ID,1644447539,2022-02-09 22:58:59
6164499,the pas,53.8251,-101.2541,8.62,72.0,100.0,4.61,CA,1644447539,2022-02-09 22:58:59
6165406,thompson,55.7435,-97.8558,-2.04,60.0,75.0,4.61,CA,1644447539,2022-02-09 22:58:59
1735106,georgetown,5.4112,100.3354,78.73,96.0,20.0,0.0,MY,1644447269,2022-02-09 22:54:29
934322,mahebourg,-20.4081,57.7,73.69,94.0,40.0,5.75,MU,1644447540,2022-02-09 22:59:00
1636426,manggar,-2.8833,108.2667,76.42,87.0,100.0,6.13,ID,1644447540,2022-02-09 22:59:00
2304548,anloga,5.7947,0.8973,82.62,84.0,3.0,8.03,GH,1644447541,2022-02-09 22:59:01
3576994,cockburn town,21.4612,-71.1419,77.94,75.0,0.0,20.24,TC,1644447541,2022-02-09 22:59:01
5848280,kapaa,22.0752,-159.319,79.2,68.0,28.0,1.99,US,1644447520,2022-02-09 22:58:40
1235846,matara,5.9485,80.5353,74.73,86.0,89.0,4.05,LK,1644447541,2022-02-09 22:59:01
3347019,namibe,-15.1961,12.1522,73.99,78.0,100.0,8.88,AO,1644447542,2022-02-09 22:59:02
2206939,bluff,-46.6,168.3333,72.81,89.0,76.0,1.21,NZ,1644447371,2022-02-09 22:56:11
2075265,busselton,-33.65,115.3333,59.09,66.0,8.0,10.16,AU,1644447443,2022-02-09 22:57:23
3366880,hermanus,-34.4187,19.2345,64.8,89.0,71.0,3.4,ZA,1644447542,2022-02-09 22:59:02
2189343,kaeo,-35.1,173.7833,78.33,82.0,98.0,7.52,NZ,1644447543,2022-02-09 22:59:03
5106841,albany,42.6001,-73.9662,38.84,64.0,59.0,3.96,US,1644447451,2022-02-09 22:57:31
964432,port alfred,-33.5906,26.891,65.95,83.0,2.0,8.86,ZA,1644447252,2022-02-09 22:54:12
5882953,aklavik,68.2191,-135.0107,-19.37,69.0,75.0,11.5,CA,1644447543,2022-02-09 22:59:03
2446796,bilma,18.6853,12.9164,62.89,15.0,0.0,12.33,NE,1644447544,2022-02-09 22:59:04
6201424,mataura,-46.1927,168.8643,72.48,76.0,92.0,2.15,NZ,1644447544,2022-02-09 22:59:04
2171099,codrington,-38.2667,141.9667,66.34,56.0,46.0,11.3,AU,1644447544,2022-02-09 22:59:04
5746545,portland,45.5234,-122.6762,61.61,67.0,40.0,4.61,US,1644446729,2022-02-09 22:45:29
4034551,faanui,-16.4833,-151.75,81.25,77.0,23.0,14.07,PF,1644447529,2022-02-09 22:58:49
1106643,quatre cocos,-20.2078,57.7625,73.51,76.0,66.0,7.14,MU,1644447545,2022-02-09 22:59:05
49747,xuddur,4.1213,43.8894,69.39,68.0,87.0,16.58,SO,1644447545,2022-02-09 22:59:05
2155415,new norfolk,-42.7826,147.0587,71.92,49.0,48.0,1.99,AU,1644447546,2022-02-09 22:59:06
1015776,bredasdorp,-34.5322,20.0403,64.27,84.0,81.0,3.47,ZA,1644447546,2022-02-09 22:59:06
159107,ipinda,-9.4833,33.9,72.37,89.0,100.0,3.24,TZ,1644447546,2022-02-09 22:59:06
6167817,torbay,47.6666,-52.7314,35.58,93.0,100.0,16.11,CA,1644447547,2022-02-09 22:59:07
2110227,butaritari,3.0707,172.7902,81.54,78.0,78.0,13.15,KI,1644447547,2022-02-09 22:59:07
3424607,tasiilaq,65.6145,-37.6368,-0.36,53.0,83.0,12.06,GL,1644447547,2022-02-09 22:59:07
3445026,vila velha,-20.3297,-40.2925,73.94,84.0,75.0,9.22,BR,1644447510,2022-02-09 22:58:30
1649150,bengkulu,-3.8004,102.2655,77.29,62.0,100.0,1.12,ID,1644447548,2022-02-09 22:59:08
2112309,katsuura,35.1333,140.3,41.14,77.0,100.0,16.62,JP,1644447548,2022-02-09 22:59:08
4030556,rikitea,-23.1203,-134.9692,79.36,68.0,9.0,15.17,PF,1644447407,2022-02-09 22:56:47
2013258,vrangel,42.7297,133.0839,27.05,79.0,45.0,4.23,RU,1644447549,2022-02-09 22:59:09
3430863,mar del plata,-38.0023,-57.5575,71.62,87.0,0.0,15.01,AR,1644447549,2022-02-09 22:59:09
2172880,byron bay,-28.65,153.6167,79.05,64.0,3.0,7.14,AU,1644447549,2022-02-09 22:59:09
4035715,avarua,-21.2078,-159.775,82.45,78.0,40.0,14.97,CK,1644447550,2022-02-09 22:59:10
70979,sayyan,15.1718,44.3244,50.83,34.0,0.0,1.79,YE,1644447550,2022-02-09 22:59:10
2139521,noumea,-22.2763,166.4572,82.99,99.0,100.0,19.13,NC,1644447266,2022-02-09 22:54:26
3939168,huarmey,-10.0681,-78.1522,73.04,74.0,99.0,7.7,PE,1644447551,2022-02-09 22:59:11
53654,mogadishu,2.0371,45.3438,77.02,80.0,100.0,21.52,SO,1644447551,2022-02-09 22:59:11
3530955,chichihualco,17.6833,-99.65,70.74,48.0,88.0,5.28,MX,1644447551,2022-02-09 22:59:11
2094342,kavieng,-2.5744,150.7967,82.67,76.0,58.0,6.42,PG,1644447552,2022-02-09 22:59:12
6170031,tuktoyaktuk,69.4541,-133.0374,-25.6,68.0,75.0,16.11,CA,1644447552,2022-02-09 22:59:12
2122262,palana,59.1167,159.9667,-3.33,92.0,23.0,3.58,RU,1644447552,2022-02-09 22:59:12
5122534,jamestown,42.097,-79.2353,47.52,56.0,100.0,8.05,US,1644446754,2022-02-09 22:45:54
4726521,san patricio,28.017,-97.5169,73.49,29.0,0.0,5.44,US,1644447553,2022-02-09 22:59:13
2510852,socuellamos,39.2858,-2.7921,45.37,67.0,1.0,8.23,ES,1644447553,2022-02-09 22:59:13
3946820,barranca,-10.75,-77.7667,71.62,73.0,68.0,7.9,PE,1644447554,2022-02-09 22:59:14
1275619,bilgi,16.35,75.6167,69.8,47.0,2.0,3.71,IN,1644447554,2022-02-09 22:59:14
2377457,nouadhibou,20.931,-17.0347,73.38,40.0,0.0,10.36,MR,1644447313,2022-02-09 22:55:13
2138555,poum,-20.2333,164.0167,81.28,87.0,93.0,29.08,NC,1644447555,2022-02-09 22:59:15
3355672,luderitz,-26.6481,15.1594,74.26,50.0,17.0,16.84,NA,1644447555,2022-02-09 22:59:15
2017155,saskylakh,71.9167,114.0833,-5.28,95.0,68.0,9.95,RU,1644447351,2022-02-09 22:55:51
5880054,barrow,71.2906,-156.7887,-26.43,95.0,57.0,11.52,US,1644447555,2022-02-09 22:59:15
105298,jizan,17.3333,42.6667,76.14,73.0,12.0,3.24,SA,1644447557,2022-02-09 22:59:17
101312,turayf,31.6725,38.6637,46.65,87.0,0.0,9.22,SA,1644447557,2022-02-09 22:59:17
935215,saint-philippe,-21.3585,55.7679,72.99,80.0,94.0,3.6,RE,1644447557,2022-02-09 22:59:17
1822207,sisophon,13.5859,102.9737,78.37,74.0,53.0,3.42,KH,1644447558,2022-02-09 22:59:18
4192800,eatonton,33.3268,-83.3885,59.99,56.0,0.0,4.72,US,1644447558,2022-02-09 22:59:18
2092164,lorengau,-2.0226,147.2712,83.07,78.0,58.0,4.56,PG,1644447559,2022-02-09 22:59:19
4020109,atuona,-9.8,-139.0333,78.64,77.0,20.0,17.63,PF,1644447559,2022-02-09 22:59:19
5905393,bonavista,48.6499,-53.1147,36.12,91.0,99.0,15.46,CA,1644447559,2022-02-09 22:59:19
5836898,rock springs,41.5875,-109.2029,35.85,56.0,63.0,22.21,US,1644447560,2022-02-09 22:59:20
3855065,general roca,-39.0333,-67.5833,97.2,13.0,0.0,14.16,AR,1644447560,2022-02-09 22:59:20
286621,salalah,17.0151,54.0924,66.42,31.0,0.0,9.48,OM,1644447560,2022-02-09 22:59:20
3155422,gol,60.7014,8.9457,34.79,73.0,41.0,16.67,NO,1644447561,2022-02-09 22:59:21
5855927,hilo,19.7297,-155.09,78.24,83.0,37.0,1.99,US,1644447442,2022-02-09 22:57:22
3622716,nicoya,10.1483,-85.452,89.15,51.0,55.0,6.76,CR,1644447561,2022-02-09 22:59:21
92004,rawah,34.4816,41.9093,57.63,44.0,40.0,9.17,IQ,1644447562,2022-02-09 22:59:22
1006984,east london,-33.0153,27.9116,68.61,77.0,0.0,4.52,ZA,1644447562,2022-02-09 22:59:22
140097,borazjan,29.2666,51.2159,57.33,49.0,0.0,1.61,IR,1644447562,2022-02-09 22:59:22
3401148,cururupu,-1.8283,-44.8683,74.37,95.0,87.0,3.09,BR,1644447484,2022-02-09 22:58:04
3491161,bull savanna,17.8868,-77.5902,75.04,77.0,23.0,2.73,JM,1644447563,2022-02-09 22:59:23
1142263,farah,32.5,62.5,44.04,37.0,0.0,2.17,AF,1644447563,2022-02-09 22:59:23
5866583,kodiak,57.79,-152.4072,24.6,54.0,100.0,11.59,US,1644447564,2022-02-09 22:59:24
1259385,port blair,11.6667,92.75,78.84,78.0,20.0,8.05,IN,1644447564,2022-02-09 22:59:24
2450849,sokolo,14.7328,-6.1219,75.92,10.0,0.0,13.31,ML,1644447564,2022-02-09 22:59:24
778707,mehamn,71.0357,27.8492,18.59,88.0,48.0,12.91,NO,1644447564,2022-02-09 22:59:24
2191562,dunedin,-45.8742,170.5036,61.3,95.0,100.0,3.91,NZ,1644447526,2022-02-09 22:58:46
5354943,half moon bay,37.4636,-122.4286,77.05,25.0,0.0,4.61,US,1644447565,2022-02-09 22:59:25
3577154,oranjestad,12.524,-70.027,80.55,69.0,20.0,20.71,AW,1644447565,2022-02-09 22:59:25
3899539,antofagasta,-23.65,-70.4,69.08,75.0,40.0,4.5,CL,1644447566,2022-02-09 22:59:26
2169068,deniliquin,-35.5333,144.9667,69.01,47.0,54.0,7.85,AU,1644447566,2022-02-09 22:59:26
1728675,balabac,7.9868,117.0645,80.64,83.0,100.0,18.48,PH,1644447567,2022-02-09 22:59:27
1502422,kosh-agach,50.0,88.6667,-14.35,99.0,100.0,1.77,RU,1644447567,2022-02-09 22:59:27
191038,kitui,-1.367,38.0106,64.96,56.0,85.0,4.61,KE,1644447567,2022-02-09 22:59:27
2022572,khatanga,71.9667,102.5,-4.65,94.0,99.0,14.07,RU,1644447568,2022-02-09 22:59:28
3418910,upernavik,72.7868,-56.1549,-12.89,75.0,100.0,8.12,GL,1644447568,2022-02-09 22:59:28
255689,patitirion,39.15,23.8667,47.37,59.0,8.0,9.75,GR,1644447568,2022-02-09 22:59:28
1714733,dingle,10.9995,122.6711,74.16,89.0,47.0,8.7,PH,1644447569,2022-02-09 22:59:29
1282898,pokhara,28.2333,83.9833,48.78,79.0,85.0,4.36,NP,1644447569,2022-02-09 22:59:29
3652764,puerto ayora,-0.7393,-90.3518,82.36,76.0,74.0,7.61,EC,1644447569,2022-02-09 22:59:29
2121385,severo-kurilsk,50.6789,156.125,31.14,81.0,100.0,20.71,RU,1644447517,2022-02-09 22:58:37
2310533,acurenam,1.0322,10.6488,69.57,97.0,81.0,4.05,GQ,1644447570,2022-02-09 22:59:30
3670242,san alberto,7.7611,-73.3922,80.44,82.0,63.0,2.57,CO,1644447570,2022-02-09 22:59:30
2174444,bowen,-20.0167,148.2333,75.42,67.0,11.0,3.29,AU,1644447570,2022-02-09 22:59:30
5571109,shasta lake,40.6804,-122.3708,79.86,23.0,10.0,5.99,US,1644447572,2022-02-09 22:59:32
2015306,tiksi,71.6872,128.8694,-12.21,93.0,100.0,13.02,RU,1644447572,2022-02-09 22:59:32
2013921,ust-kuyga,70.0167,135.6,-33.61,96.0,99.0,9.4,RU,1644447573,2022-02-09 22:59:33
1651810,airai,-8.9266,125.4092,64.47,87.0,100.0,1.36,TL,1644447573,2022-02-09 22:59:33
3466704,castro,-24.7911,-50.0119,62.74,88.0,4.0,7.83,BR,1644447573,2022-02-09 22:59:33
3874787,punta arenas,-53.15,-70.9167,51.91,46.0,75.0,28.77,CL,1644447574,2022-02-09 22:59:34
3698304,chimbote,-9.0853,-78.5783,72.91,70.0,100.0,7.72,PE,1644447381,2022-02-09 22:56:21
2869994,molln,53.6333,10.6833,44.29,87.0,94.0,6.4,DE,1644447574,2022-02-09 22:59:34
6185377,yellowknife,62.456,-114.3525,-6.59,79.0,100.0,13.8,CA,1644447574,2022-02-09 22:59:34
2509553,villanueva de la serena,38.9766,-5.7974,46.24,71.0,0.0,1.32,ES,1644447575,2022-02-09 22:59:35
543246,kozhva,65.1073,57.0459,12.81,79.0,12.0,14.74,RU,1644447575,2022-02-09 22:59:35
1788852,xining,36.6167,101.7667,13.06,91.0,93.0,0.85,CN,1644447575,2022-02-09 22:59:35
3579761,baillif,16.0202,-61.7463,77.65,71.0,8.0,11.43,GP,1644447576,2022-02-09 22:59:36
3443061,chuy,-33.6971,-53.4616,67.15,72.0,28.0,9.17,UY,1644447576,2022-02-09 22:59:36
3382160,cayenne,4.9333,-52.3333,75.24,91.0,52.0,2.3,GF,1644447576,2022-02-09 22:59:36
1696983,osmena,10.5208,119.9258,79.41,80.0,50.0,20.24,PH,1644447577,2022-02-09 22:59:37
145724,lucapa,-8.4192,20.7447,66.0,79.0,99.0,1.92,AO,1644447577,2022-02-09 22:59:37
572665,bor,56.3567,44.0669,24.73,97.0,100.0,3.33,RU,1644447577,2022-02-09 22:59:37
1861416,ishigaki,24.3448,124.1572,62.73,100.0,20.0,2.3,JP,1644447445,2022-02-09 22:57:25
1028918,pemba,-12.974,40.5178,77.7,88.0,20.0,6.91,MZ,1644447307,2022-02-09 22:55:07
546105,nikolskoye,59.7035,30.7861,35.71,97.0,100.0,10.31,RU,1644447578,2022-02-09 22:59:38
2512186,puerto del rosario,28.5004,-13.8627,73.08,40.0,88.0,1.14,ES,1644447578,2022-02-09 22:59:38
3440777,rocha,-34.4833,-54.3333,64.76,76.0,5.0,7.85,UY,1644447446,2022-02-09 22:57:26
2018735,nyurba,63.2842,118.3319,-33.32,100.0,99.0,0.98,RU,1644447579,2022-02-09 22:59:39
110690,faya,18.3851,42.4509,57.72,79.0,2.0,4.88,SA,1644447579,2022-02-09 22:59:39
347796,sohag,26.557,31.6948,57.49,43.0,0.0,12.21,EG,1644447579,2022-02-09 22:59:39
3665202,aripuana,-9.1667,-60.6333,73.94,97.0,94.0,2.3,BR,1644447580,2022-02-09 22:59:40
2450173,taoudenni,22.6783,-3.9836,67.15,17.0,1.0,11.39,ML,1644447520,2022-02-09 22:58:40
3522013,palomares,17.15,-95.0667,64.31,85.0,100.0,4.16,MX,1644447580,2022-02-09 22:59:40
2445704,diffa,13.3154,12.6113,67.14,18.0,3.0,10.18,NE,1644447361,2022-02-09 22:56:01
1152222,mae hong son,19.3003,97.9685,54.28,48.0,8.0,1.66,TH,1644447581,2022-02-09 22:59:41
686090,asau,46.4333,26.4,36.52,90.0,19.0,7.05,RO,1644447581,2022-02-09 22:59:41
2019135,nizhniy kuranakh,58.8353,125.4869,-25.62,99.0,100.0,2.51,RU,1644447581,2022-02-09 22:59:41
3470871,barao de melgaco,-16.1944,-55.9675,75.72,97.0,98.0,3.4,BR,1644447582,2022-02-09 22:59:42
3860443,comodoro rivadavia,-45.8667,-67.5,73.26,28.0,40.0,12.66,AR,1644447392,2022-02-09 22:56:32
1701054,marawi,7.9986,124.2928,65.64,94.0,100.0,2.57,PH,1644447582,2022-02-09 22:59:42
2654970,brae,60.3964,-1.353,39.11,62.0,77.0,27.13,GB,1644447583,2022-02-09 22:59:43
3361934,saldanha,-33.0117,17.9442,64.26,91.0,4.0,1.57,ZA,1644447583,2022-02-09 22:59:43
2374583,bubaque,11.2833,-15.8333,78.17,75.0,28.0,10.69,GW,1644447583,2022-02-09 22:59:43
5072006,lincoln,40.8,-96.667,51.01,36.0,81.0,8.01,US,1644447538,2022-02-09 22:58:58
1253237,veraval,20.9,70.3667,67.87,51.0,4.0,12.41,IN,1644447584,2022-02-09 22:59:44
2018498,olovyannaya,50.95,115.5667,-20.63,100.0,86.0,3.96,RU,1644447584,2022-02-09 22:59:44
293825,qiryat shemona,33.2073,35.5721,51.62,87.0,66.0,12.59,IL,1644447584,2022-02-09 22:59:44
1282256,hithadhoo,-0.6,73.0833,81.72,74.0,51.0,12.44,MV,1644447585,2022-02-09 22:59:45
2163355,hobart,-42.8794,147.3294,71.26,51.0,20.0,13.8,AU,1644447351,2022-02-09 22:55:51
3466165,cidreira,-30.1811,-50.2056,71.94,70.0,30.0,12.88,BR,1644447585,2022-02-09 22:59:45
2992292,montlucon,46.3333,2.6,43.7,72.0,39.0,3.0,FR,1644447585,2022-02-09 22:59:45
3982292,tayoltita,24.0833,-105.9333,72.12,19.0,19.0,6.42,MX,1644447586,2022-02-09 22:59:46
2239862,malanje,-9.5402,16.341,62.24,87.0,90.0,4.03,AO,1644447586,2022-02-09 22:59:46
3424901,aasiaat,68.7098,-52.8699,5.45,94.0,100.0,19.46,GL,1644447586,2022-02-09 22:59:46
6111862,port hardy,50.6996,-127.4199,45.75,93.0,100.0,9.22,CA,1644447587,2022-02-09 22:59:47
6148373,sioux lookout,50.1001,-91.917,12.58,79.0,100.0,17.27,CA,1644447587,2022-02-09 22:59:47
6050066,la ronge,55.1001,-105.2842,8.85,78.0,100.0,5.75,CA,1644447587,2022-02-09 22:59:47
6620339,karratha,-20.7377,116.8463,84.22,67.0,32.0,7.83,AU,1644447588,2022-02-09 22:59:48
2126682,bilibino,68.0546,166.4372,-35.68,100.0,86.0,0.38,RU,1644447588,2022-02-09 22:59:48
264371,athens,37.9795,23.7162,48.42,65.0,40.0,6.91,GR,1644447060,2022-02-09 22:51:00
218680,boende,-0.2167,20.8667,78.82,46.0,100.0,3.33,CD,1644447589,2022-02-09 22:59:49
2121025,srednekolymsk,67.45,153.6833,-42.23,99.0,91.0,7.0,RU,1644447589,2022-02-09 22:59:49
2136825,isangel,-19.55,169.2667,78.98,96.0,100.0,35.43,VU,1644447589,2022-02-09 22:59:49
3444201,puerto quijarro,-17.7833,-57.7667,78.35,46.0,96.0,2.39,BO,1644447590,2022-02-09 22:59:50
3521342,playa del carmen,20.6274,-87.0799,78.89,73.0,29.0,8.19,MX,1644447562,2022-02-09 22:59:22
2156643,mount gambier,-37.8333,140.7667,62.51,67.0,77.0,6.91,AU,1644447590,2022-02-09 22:59:50
2112802,hasaki,35.7333,140.8333,39.6,67.0,100.0,15.08,JP,1644447590,2022-02-09 22:59:50
2074865,carnarvon,-24.8667,113.6333,73.47,83.0,0.0,6.91,AU,1644447591,2022-02-09 22:59:51
1819729,victoria,22.2855,114.1577,63.32,84.0,100.0,1.99,HK,1644447378,2022-02-09 22:56:18
1633419,padang,-0.9492,100.3543,75.25,61.0,100.0,5.7,ID,1644447591,2022-02-09 22:59:51
2123814,leningradskiy,69.3833,178.4167,-28.77,97.0,99.0,6.35,RU,1644447591,2022-02-09 22:59:51
155334,magole,-6.3667,37.3667,68.63,95.0,100.0,2.39,TZ,1644447592,2022-02-09 22:59:52
1494482,polunochnoye,60.8697,60.4153,12.7,94.0,100.0,10.4,RU,1644447592,2022-02-09 22:59:52
4176380,venice,27.0998,-82.4543,63.16,64.0,0.0,13.8,US,1644447592,2022-02-09 22:59:52
3671437,puerto leguizamo,-0.1934,-74.7819,74.86,94.0,100.0,1.54,CO,1644447593,2022-02-09 22:59:53
5491487,silver city,32.7701,-108.2803,60.67,14.0,0.0,10.36,US,1644447164,2022-02-09 22:52:44
3471451,arraial do cabo,-22.9661,-42.0278,73.26,83.0,75.0,4.61,BR,1644447593,2022-02-09 22:59:53
1492110,shitkino,56.3703,98.3543,-27.17,100.0,54.0,1.1,RU,1644447594,2022-02-09 22:59:54
1259184,puri,19.8,85.85,64.92,63.0,7.0,9.89,IN,1644447594,2022-02-09 22:59:54
2339937,gusau,12.1628,6.6614,72.19,10.0,12.0,9.53,NG,1644447594,2022-02-09 22:59:54
2126123,chokurdakh,70.6333,147.9167,-27.47,99.0,94.0,10.83,RU,1644447441,2022-02-09 22:57:21
1256369,sidhi,24.4167,81.8833,61.11,67.0,58.0,5.82,IN,1644447595,2022-02-09 22:59:55
3689615,argelia,2.2556,-77.2488,67.3,98.0,97.0,0.94,CO,1644447595,2022-02-09 22:59:55
3883457,lebu,-37.6167,-73.65,60.91,75.0,0.0,21.61,CL,1644447595,2022-02-09 22:59:55
2514651,los llanos de aridane,28.6585,-17.9182,67.75,46.0,0.0,1.14,ES,1644447596,2022-02-09 22:59:56
2729907,longyearbyen,78.2186,15.6401,12.04,85.0,40.0,6.91,SJ,1644447596,2022-02-09 22:59:56
103630,najran,17.4924,44.1277,52.45,32.0,0.0,1.14,SA,1644447597,2022-02-09 22:59:57
5991056,kenora,49.8167,-94.4337,15.78,73.0,75.0,15.01,CA,1644447597,2022-02-09 22:59:57
5983720,iqaluit,63.7506,-68.5145,-23.31,74.0,20.0,15.01,CA,1644447597,2022-02-09 22:59:57
64814,bandarbeyla,9.4942,50.8122,73.69,68.0,73.0,17.81,SO,1644447598,2022-02-09 22:59:58
1162105,zhob,31.3411,69.4481,41.2,40.0,0.0,3.83,PK,1644447598,2022-02-09 22:59:58
1490796,strezhevoy,60.7333,77.5889,-11.22,100.0,10.0,4.83,RU,1644447598,2022-02-09 22:59:58
1885823,jiangyou,31.7667,104.7167,37.92,87.0,93.0,0.54,CN,1644447599,2022-02-09 22:59:59
3421765,nanortalik,60.1432,-45.2371,19.63,69.0,92.0,6.11,GL,1644447585,2022-02-09 22:59:45
2013727,vanavara,60.34,102.2797,-27.6,100.0,68.0,2.73,RU,1644447599,2022-02-09 22:59:59
3412093,vestmannaeyjar,63.4427,-20.2734,26.08,70.0,60.0,25.08,IS,1644447599,2022-02-09 22:59:59
2208248,kaitangata,-46.2817,169.8464,62.17,94.0,100.0,3.65,NZ,1644447600,2022-02-09 23:00:00
986717,kruisfontein,-34.0033,24.7314,61.34,85.0,0.0,5.75,ZA,1644447600,2022-02-09 23:00:00
1054329,vangaindrano,-23.35,47.6,75.27,95.0,49.0,5.26,MG,1644447601,2022-02-09 23:00:01
964420,port elizabeth,-33.918,25.5701,65.01,85.0,2.0,7.52,ZA,1644447602,2022-02-09 23:00:02
5546220,saint george,37.1041,-113.5841,70.27,19.0,1.0,13.0,US,1644447603,2022-02-09 23:00:03
3932145,pisco,-13.7,-76.2167,72.01,82.0,7.0,6.58,PE,1644447606,2022-02-09 23:00:06
648900,lappeenranta,61.0587,28.1887,32.05,99.0,100.0,6.91,FI,1644447608,2022-02-09 23:00:08
4267661,arkansas city,37.062,-97.0384,62.62,25.0,6.0,10.16,US,1644447609,2022-02-09 23:00:09
3924679,vilhena,-12.7406,-60.1458,70.03,92.0,59.0,1.43,BR,1644447611,2022-02-09 23:00:11
475614,verkhnedneprovskiy,54.9813,33.3457,30.6,93.0,100.0,10.56,RU,1644447611,2022-02-09 23:00:11
3175096,lasa,46.6166,10.7002,15.85,34.0,8.0,2.75,IT,1644447614,2022-02-09 23:00:14
6137462,saint-augustin,51.226,-58.6502,25.61,80.0,91.0,17.0,CA,1644447616,2022-02-09 23:00:16
3420768,qasigiannguit,68.8193,-51.1922,17.85,92.0,100.0,7.85,GL,1644447618,2022-02-09 23:00:18
2194098,ahipara,-35.1667,173.1667,77.88,74.0,89.0,9.84,NZ,1644447620,2022-02-09 23:00:20
2663293,vetlanda,57.4289,15.0776,35.62,78.0,31.0,14.03,SE,1644447621,2022-02-09 23:00:21
3691954,sechura,-5.5569,-80.8222,77.81,57.0,100.0,16.42,PE,1644447625,2022-02-09 23:00:25
2071860,esperance,-33.8667,121.9,62.44,80.0,14.0,12.06,AU,1644447626,2022-02-09 23:00:26
3397967,itaituba,-4.2761,-55.9836,73.78,99.0,98.0,1.77,BR,1644447627,2022-02-09 23:00:27
2447513,arlit,18.7369,7.3853,66.72,9.0,0.0,7.83,NE,1644447629,2022-02-09 23:00:29
797213,pervomayskoye,43.919,46.7102,41.72,88.0,76.0,13.62,RU,1644447629,2022-02-09 23:00:29
3393471,oriximina,-1.7656,-55.8661,76.57,91.0,78.0,0.43,BR,1644447630,2022-02-09 23:00:30
1805833,jiexiu,37.0244,111.9125,29.62,45.0,1.0,1.68,CN,1644447630,2022-02-09 23:00:30
3038230,alencon,48.4333,0.0833,41.79,92.0,42.0,4.47,FR,1644447631,2022-02-09 23:00:31
3359638,walvis bay,-22.9575,14.5053,68.09,88.0,0.0,3.44,NA,1644447432,2022-02-09 22:57:12
5367788,lompoc,34.6391,-120.4579,86.68,18.0,0.0,3.0,US,1644447514,2022-02-09 22:58:34
3466980,caravelas,-17.7125,-39.2481,77.95,85.0,3.0,6.93,BR,1644447632,2022-02-09 23:00:32
2611738,thyboron,56.6985,8.2124,41.09,79.0,95.0,22.77,DK,1644447632,2022-02-09 23:00:32
6255012,flinders,-34.5833,150.8552,86.05,53.0,21.0,1.7,AU,1644447633,2022-02-09 23:00:33
4031637,lavrentiya,65.5833,-171.0,-23.19,93.0,59.0,7.14,RU,1644447633,2022-02-09 23:00:33
5850554,makakilo city,21.3469,-158.0858,79.68,54.0,6.0,7.36,US,1644447478,2022-02-09 22:57:58
2873574,marienheide,51.0833,7.5333,44.67,88.0,88.0,3.44,DE,1644447634,2022-02-09 23:00:34
307864,kilis,36.7161,37.115,41.23,90.0,100.0,5.19,TR,1644447634,2022-02-09 23:00:34
3393065,parambu,-6.2111,-40.6944,75.11,69.0,19.0,4.9,BR,1644447635,2022-02-09 23:00:35
240210,birao,10.2849,22.7882,69.53,15.0,32.0,5.08,CF,1644447635,2022-02-09 23:00:35
710033,dmytrivka,45.9717,28.9864,35.35,84.0,5.0,7.14,UA,1644447635,2022-02-09 23:00:35
3374333,praia,14.9215,-23.5087,75.74,57.0,0.0,12.66,CV,1644447594,2022-02-09 22:59:54
3171886,ortona,42.3496,14.4039,46.18,54.0,2.0,3.27,IT,1644447636,2022-02-09 23:00:36
2026708,bichura,50.5881,107.6022,-1.68,97.0,100.0,2.68,RU,1644447637,2022-02-09 23:00:37
5697939,north platte,41.1239,-100.7654,53.11,28.0,78.0,5.01,US,1644447485,2022-02-09 22:58:05
3437197,repatriacion,-25.5333,-55.95,73.53,50.0,22.0,3.89,PY,1644447638,2022-02-09 23:00:38
4845585,westport,41.1415,-73.3579,40.19,75.0,9.0,5.01,US,1644447461,2022-02-09 22:57:41
2426370,oum hadjer,13.2954,19.6966,67.93,10.0,0.0,10.6,TD,1644447638,2022-02-09 23:00:38
292968,abu dhabi,24.4667,54.3667,65.97,80.0,0.0,0.0,AE,1644447436,2022-02-09 22:57:16
5816597,yakima,46.4665,-120.6678,63.23,90.0,41.0,1.83,US,1644447604,2022-02-09 23:00:04
5870133,nome,64.5011,-165.4064,-13.85,77.0,100.0,4.43,US,1644447588,2022-02-09 22:59:48
1635882,mataram,-8.5833,116.1167,76.01,83.0,100.0,0.45,ID,1644447639,2022-02-09 23:00:39
935051,lavumisa,-27.31,31.892,69.76,96.0,1.0,1.99,SZ,1644447640,2022-02-09 23:00:40
5961564,glace bay,46.1969,-59.957,31.98,84.0,75.0,13.8,CA,1644447515,2022-02-09 22:58:35
1066310,betioky,-23.7167,44.3833,70.63,90.0,4.0,4.92,MG,1644447640,2022-02-09 23:00:40
6089245,norman wells,65.282,-126.8329,-7.56,64.0,100.0,14.97,CA,1644447368,2022-02-09 22:56:08
3374210,sao filipe,14.8961,-24.4956,76.66,60.0,77.0,2.68,CV,1644447641,2022-02-09 23:00:41
3893629,coquimbo,-29.9533,-71.3436,66.2,79.0,21.0,5.41,CL,1644447641,2022-02-09 23:00:41
2618795,klaksvik,62.2266,-6.589,32.92,65.0,100.0,18.68,FO,1644447641,2022-02-09 23:00:41
2021613,krasnorechenskiy,44.6265,135.3532,10.45,88.0,97.0,2.95,RU,1644447642,2022-02-09 23:00:42
5146062,ashland,40.8167,-82.2665,41.99,67.0,60.0,11.36,US,1644447362,2022-02-09 22:56:02
2940512,butzbach,50.4339,8.6712,43.95,91.0,52.0,4.03,DE,1644447642,2022-02-09 23:00:42
2269594,cascais,38.6979,-9.4215,59.5,66.0,17.0,15.01,PT,1644447643,2022-02-09 23:00:43
1688696,san policarpo,12.1791,125.5072,79.66,75.0,99.0,13.33,PH,1644447643,2022-02-09 23:00:43
3137469,sorland,67.667,12.6934,38.28,74.0,80.0,34.07,NO,1644447644,2022-02-09 23:00:44
5044290,saint anthony,45.0205,-93.218,30.25,70.0,100.0,20.71,US,1644447644,2022-02-09 23:00:44
3444823,xique-xique,-10.8218,-42.7263,82.36,48.0,57.0,2.82,BR,1644447644,2022-02-09 23:00:44
1106677,bambous virieux,-20.3428,57.7575,73.65,94.0,40.0,5.75,MU,1644447599,2022-02-09 22:59:59
4568570,vieques,18.425,-65.8329,77.9,79.0,31.0,13.96,PR,1644447645,2022-02-09 23:00:45
3981432,todos santos,23.45,-110.2167,80.01,69.0,43.0,6.44,MX,1644447645,2022-02-09 23:00:45
5847411,kahului,20.8947,-156.47,85.26,70.0,6.0,8.01,US,1644447646,2022-02-09 23:00:46
4946620,palmer,42.1584,-72.3287,39.07,62.0,3.0,5.7,US,1644447516,2022-02-09 22:58:36
3389822,salinopolis,-0.6136,-47.3561,78.22,85.0,77.0,7.94,BR,1644447646,2022-02-09 23:00:46
2028028,aksha,50.2814,113.2867,-1.19,98.0,100.0,1.52,RU,1644447647,2022-02-09 23:00:47
1521293,lugovoy,42.9472,72.7644,22.62,70.0,17.0,6.67,KZ,1644447647,2022-02-09 23:00:47
1490256,talnakh,69.4865,88.3972,-3.8,97.0,100.0,11.1,RU,1644447647,2022-02-09 23:00:47
6324729,halifax,44.6453,-63.5724,36.48,82.0,75.0,5.75,CA,1644447356,2022-02-09 22:55:56
98182,baghdad,33.3406,44.4009,62.56,33.0,88.0,22.66,IQ,1644447638,2022-02-09 23:00:38
1283285,jumla,29.2747,82.1838,18.09,86.0,53.0,7.43,NP,1644447648,2022-02-09 23:00:48
2521335,barbate,36.1924,-5.9219,57.13,80.0,0.0,14.88,ES,1644447648,2022-02-09 23:00:48
1277508,balurghat,25.2167,88.7667,65.17,58.0,81.0,4.32,IN,1644447649,2022-02-09 23:00:49
1784554,zhicheng,30.2956,111.5047,37.2,90.0,19.0,0.74,CN,1644447649,2022-02-09 23:00:49
249842,busayra,30.7376,35.6078,38.53,71.0,92.0,17.47,JO,1644447649,2022-02-09 23:00:49
1489853,tazovskiy,67.4667,78.7,-2.51,96.0,70.0,11.23,RU,1644447650,2022-02-09 23:00:50
6138360,saint-honore,48.5334,-71.0824,23.59,88.0,100.0,3.78,CA,1644447650,2022-02-09 23:00:50
933995,souillac,-20.5167,57.5167,75.58,83.0,40.0,0.0,MU,1644447651,2022-02-09 23:00:51
3622547,paraiso,9.8383,-83.8656,67.42,88.0,78.0,3.85,CR,1644447651,2022-02-09 23:00:51
2514301,mao,39.8885,4.2658,46.96,87.0,0.0,3.44,ES,1644447651,2022-02-09 23:00:51
2137773,vao,-22.6667,167.4833,81.1,87.0,100.0,30.89,NC,1644447651,2022-02-09 23:00:51
3694112,paita,-5.0892,-81.1144,73.62,72.0,100.0,15.75,PE,1644447652,2022-02-09 23:00:52
3404558,cabedelo,-6.9811,-34.8339,81.27,71.0,56.0,15.23,BR,1644447491,2022-02-09 22:58:11
4231997,avera,33.194,-82.5271,59.05,50.0,0.0,5.17,US,1644447447,2022-02-09 22:57:27
3833883,trelew,-43.249,-65.3051,68.22,60.0,88.0,18.12,AR,1644447625,2022-02-09 23:00:25
2287970,guiberoua,6.2392,-6.1727,76.01,81.0,77.0,2.93,CI,1644447653,2022-02-09 23:00:53
3522742,nicolas bravo,18.45,-88.9167,71.58,82.0,92.0,3.69,MX,1644447653,2022-02-09 23:00:53
5404476,ukiah,39.1502,-123.2078,80.44,23.0,95.0,1.86,US,1644447630,2022-02-09 23:00:30
1274987,kannur,11.8675,75.3576,71.83,90.0,12.0,6.69,IN,1644447653,2022-02-09 23:00:53
4566022,loiza,18.4313,-65.8802,77.86,80.0,30.0,13.44,PR,1644447654,2022-02-09 23:00:54
3385077,conde,-7.2597,-34.9075,78.3,70.0,59.0,11.63,BR,1644447654,2022-02-09 23:00:54
696275,pryozerne,45.2698,36.3303,38.05,85.0,62.0,11.23,UA,1644447654,2022-02-09 23:00:54
1818004,mabai,23.0128,104.4508,47.5,95.0,99.0,4.7,CN,1644447655,2022-02-09 23:00:55
1566166,thanh hoa,19.8,105.7667,61.79,92.0,100.0,2.53,VN,1644447599,2022-02-09 22:59:59
2122090,pevek,69.7008,170.3133,-32.44,99.0,100.0,5.55,RU,1644447655,2022-02-09 23:00:55
1058381,morondava,-20.2833,44.2833,77.99,79.0,93.0,7.76,MG,1644447656,2022-02-09 23:00:56
472357,volosovo,59.4333,29.4833,34.56,98.0,100.0,11.83,RU,1644447656,2022-02-09 23:00:56
2274275,robertsport,6.7533,-11.3686,80.01,85.0,2.0,5.46,LR,1644447363,2022-02-09 22:56:03
1486321,yar-sale,66.8333,70.8333,0.79,96.0,22.0,11.9,RU,1644447656,2022-02-09 23:00:56
2013375,vitim,59.4511,112.5578,-15.59,98.0,98.0,2.91,RU,1644447657,2022-02-09 23:00:57
2128867,noshiro,40.2039,140.0242,28.13,74.0,100.0,5.12,JP,1644447657,2022-02-09 23:00:57
2444995,filingue,14.3521,3.3168,73.49,11.0,0.0,11.03,NE,1644447658,2022-02-09 23:00:58
468560,yayva,59.3303,57.2641,19.18,93.0,100.0,13.49,RU,1644447658,2022-02-09 23:00:58
549786,kholm,59.2667,32.85,29.73,94.0,100.0,9.48,RU,1644447658,2022-02-09 23:00:58
3454131,pereira barreto,-20.6383,-51.1092,76.46,71.0,100.0,7.02,BR,1644447659,2022-02-09 23:00:59
1337605,mahibadhoo,3.7833,72.9667,80.69,74.0,32.0,7.67,MV,1644447659,2022-02-09 23:00:59
3985710,cabo san lucas,22.8909,-109.9124,80.51,43.0,39.0,9.53,MX,1644447437,2022-02-09 22:57:17
1860635,kameoka,35.0,135.5833,38.43,85.0,100.0,3.15,JP,1644447659,2022-02-09 23:00:59
1525988,ayagoz,47.9714,80.4392,3.51,95.0,100.0,5.93,KZ,1644447660,2022-02-09 23:01:00
361058,alexandria,31.2156,29.9553,54.14,76.0,40.0,23.02,EG,1644447455,2022-02-09 22:57:35
2037485,erenhot,43.6475,111.9767,7.88,82.0,41.0,8.16,CN,1644447660,2022-02-09 23:01:00
3839307,rawson,-43.3002,-65.1023,66.34,73.0,79.0,15.08,AR,1644447661,2022-02-09 23:01:01
2145554,ulladulla,-35.35,150.4667,85.87,38.0,5.0,1.1,AU,1644447661,2022-02-09 23:01:01
3388145,sao raimundo nonato,-9.0153,-42.6994,79.14,40.0,50.0,3.71,BR,1644447662,2022-02-09 23:01:02
3393764,oeiras,-7.0253,-42.1311,79.2,74.0,37.0,5.82,BR,1644447662,2022-02-09 23:01:02
1528998,yumen,40.2833,97.2,21.02,48.0,100.0,11.05,CN,1644447662,2022-02-09 23:01:02
3653015,playas,-2.6333,-80.3833,76.93,76.0,78.0,11.72,EC,1644447663,2022-02-09 23:01:03
1516589,zhezkazgan,47.8043,67.7144,16.81,97.0,100.0,4.59,KZ,1644447663,2022-02-09 23:01:03
1785974,yuci,37.6803,112.7319,11.95,79.0,0.0,2.24,CN,1644447664,2022-02-09 23:01:04
5392171,san jose,37.3394,-121.895,78.1,26.0,75.0,5.75,US,1644447631,2022-02-09 23:00:31
2264557,ponta do sol,32.6667,-17.1,70.72,51.0,100.0,5.55,PT,1644447664,2022-02-09 23:01:04
3346015,sumbe,-11.2061,13.8437,75.97,80.0,100.0,8.84,AO,1644447664,2022-02-09 23:01:04
2024122,gazimurskiy zavod,51.5461,118.3266,-21.91,100.0,100.0,0.22,RU,1644447665,2022-02-09 23:01:05
3465542,coracao de jesus,-16.6853,-44.365,69.93,90.0,96.0,1.25,BR,1644447665,2022-02-09 23:01:05
293842,gat,31.61,34.7642,51.08,100.0,32.0,19.37,IL,1644447663,2022-02-09 23:01:03
1151464,phangnga,8.4509,98.5298,79.83,95.0,61.0,3.53,TH,1644447666,2022-02-09 23:01:06
527321,mezen,65.8522,44.24,17.94,93.0,100.0,10.71,RU,1644447666,2022-02-09 23:01:06
4004293,ixtapa,20.7,-105.2,75.22,76.0,0.0,5.99,MX,1644447409,2022-02-09 22:56:49
2269142,colares,38.7992,-9.4469,59.32,65.0,16.0,15.01,PT,1644447666,2022-02-09 23:01:06
2156927,moree,-29.4667,149.85,79.86,41.0,0.0,10.18,AU,1644447667,2022-02-09 23:01:07
4021858,guerrero negro,27.9769,-114.0611,71.67,28.0,39.0,9.82,MX,1644447667,2022-02-09 23:01:07
2208032,tauranga,-37.6861,176.1667,77.95,91.0,99.0,3.0,NZ,1644447668,2022-02-09 23:01:08
3372964,lagoa,39.05,-27.9833,58.75,70.0,2.0,16.55,PT,1644447439,2022-02-09 22:57:19
5554428,ketchikan,55.3422,-131.6461,45.41,97.0,100.0,8.41,US,1644447668,2022-02-09 23:01:08
5110365,broome,42.2506,-75.833,41.79,62.0,99.0,8.01,US,1644447668,2022-02-09 23:01:08
2070998,geraldton,-28.7667,114.6,59.41,88.0,0.0,5.75,AU,1644447669,2022-02-09 23:01:09
5836068,rawlins,41.7911,-107.2387,42.69,39.0,75.0,18.41,US,1644447669,2022-02-09 23:01:09
2027296,aykhal,66.0,111.5,-8.59,79.0,100.0,2.53,RU,1644447669,2022-02-09 23:01:09
6690297,saint-leu,-21.15,55.2833,72.46,80.0,76.0,1.34,RE,1644447670,2022-02-09 23:01:10
3401419,cuite,-6.4836,-36.1536,71.64,73.0,57.0,13.22,BR,1644447524,2022-02-09 22:58:44
6453373,kongsberg,59.6652,9.6465,37.42,72.0,1.0,13.0,NO,1644447670,2022-02-09 23:01:10
477940,ust-tsilma,65.441,52.1498,15.49,90.0,100.0,12.3,RU,1644447671,2022-02-09 23:01:11
1810553,gaogou,34.0175,119.1886,32.92,93.0,10.0,4.0,CN,1644447671,2022-02-09 23:01:11
557628,ibresi,55.2961,47.0394,26.83,96.0,100.0,9.89,RU,1644447671,2022-02-09 23:01:11
5969025,haines junction,60.7522,-137.5108,36.79,88.0,26.0,11.68,CA,1644447672,2022-02-09 23:01:12
586925,buzovna,40.5179,50.1139,42.89,93.0,75.0,13.8,AZ,1644447672,2022-02-09 23:01:12
567177,danilovka,50.3557,44.1168,31.35,97.0,100.0,10.87,RU,1644447672,2022-02-09 23:01:12
1519385,sergeyevka,53.88,67.4158,-7.2,100.0,40.0,4.76,KZ,1644447673,2022-02-09 23:01:13
515879,oktyabrskiy,54.4815,53.471,18.34,89.0,100.0,12.01,RU,1644447673,2022-02-09 23:01:13
3899695,ancud,-41.8697,-73.8203,60.42,73.0,99.0,8.46,CL,1644447674,2022-02-09 23:01:14
3915350,guayaramerin,-10.8368,-65.3614,74.46,96.0,98.0,3.0,BO,1644447674,2022-02-09 23:01:14
3402621,casa nova,-9.4167,-41.1333,87.84,38.0,75.0,3.09,BR,1644447674,2022-02-09 23:01:14
88533,awjilah,29.1081,21.2869,51.58,53.0,44.0,10.36,LY,1644447675,2022-02-09 23:01:15
4392354,jasper,37.2001,-94.3502,59.02,43.0,4.0,8.41,US,1644447640,2022-02-09 23:00:40
964406,port shepstone,-30.7414,30.455,74.93,85.0,100.0,12.15,ZA,1644447675,2022-02-09 23:01:15
779683,hammerfest,70.6634,23.6821,23.45,68.0,0.0,11.5,NO,1644447677,2022-02-09 23:01:17
6540819,siderno,38.2779,16.302,54.57,71.0,0.0,10.54,IT,1644447677,2022-02-09 23:01:17
3769976,puerto gaitan,4.3133,-72.0816,79.86,69.0,54.0,7.76,CO,1644447475,2022-02-09 22:57:55
2290849,bouna,9.2667,-3.0,78.39,16.0,3.0,2.71,CI,1644447677,2022-02-09 23:01:17
2065594,mount isa,-20.7333,139.5,83.97,61.0,52.0,11.5,AU,1644447678,2022-02-09 23:01:18
2012956,yerbogachen,61.2767,108.0108,-33.52,100.0,74.0,3.4,RU,1644447678,2022-02-09 23:01:18
337010,gelemso,8.8167,40.5167,62.04,37.0,40.0,2.95,ET,1644447678,2022-02-09 23:01:18
3182133,bertinoro,44.1469,12.1389,46.71,70.0,6.0,5.19,IT,1644447679,2022-02-09 23:01:19
1496503,noyabrsk,63.1994,75.4507,-10.52,95.0,23.0,11.72,RU,1644447679,2022-02-09 23:01:19
6171633,ucluelet,48.9329,-125.5528,49.08,92.0,100.0,3.33,CA,1644447636,2022-02-09 23:00:36
1498087,nadym,65.5333,72.5167,-3.64,97.0,13.0,12.5,RU,1644447680,2022-02-09 23:01:20
2255304,sembe,1.6481,14.5806,75.88,34.0,54.0,1.39,CG,1644447680,2022-02-09 23:01:20
3133983,trofors,65.5333,13.4063,34.95,83.0,93.0,16.96,NO,1644447681,2022-02-09 23:01:21
1786538,yining,29.0361,114.5636,37.71,96.0,97.0,1.72,CN,1644447448,2022-02-09 22:57:28
3444199,puerto suarez,-18.95,-57.8,78.84,38.0,69.0,3.4,BO,1644447681,2022-02-09 23:01:21
898905,sesheke,-17.4759,24.2968,66.56,91.0,26.0,4.7,ZM,1644447681,2022-02-09 23:01:21
107304,buraydah,26.326,43.975,62.44,28.0,0.0,14.36,SA,1644447682,2022-02-09 23:01:22
1512223,abalak,58.1286,68.5944,-4.25,96.0,31.0,7.31,RU,1644447682,2022-02-09 23:01:22
3587636,yepocapa,14.5042,-90.9569,65.79,72.0,85.0,1.57,GT,1644447682,2022-02-09 23:01:22
3628473,san cristobal,7.7669,-72.225,71.82,73.0,84.0,1.45,VE,1644447683,2022-02-09 23:01:23
3038350,aix-les-bains,45.6834,5.9224,46.96,86.0,45.0,3.49,FR,1644447683,2022-02-09 23:01:23
3372745,rabo de peixe,37.8,-25.5833,58.28,87.0,40.0,9.22,PT,1644447683,2022-02-09 23:01:23
2027786,amga,60.8953,131.9608,-15.97,98.0,100.0,2.8,RU,1644447684,2022-02-09 23:01:24
893549,chipinge,-20.1883,32.6236,67.15,60.0,0.0,3.42,ZW,1644447684,2022-02-09 23:01:24
553766,kamenka,51.3223,42.7678,28.74,94.0,100.0,10.0,RU,1644447684,2022-02-09 23:01:24
1497543,nizhnevartovsk,60.9344,76.5531,-11.18,84.0,0.0,4.47,RU,1644447685,2022-02-09 23:01:25
1645528,denpasar,-8.65,115.2167,76.71,94.0,40.0,3.44,ID,1644447615,2022-02-09 23:00:15
3372783,ponta delgada,37.7333,-25.6667,59.5,82.0,40.0,9.22,PT,1644447685,2022-02-09 23:01:25
3489005,port antonio,18.18,-76.4612,78.91,83.0,17.0,8.55,JM,1644447686,2022-02-09 23:01:26
2013279,vostok,46.4856,135.8833,-0.4,90.0,40.0,3.49,RU,1644447686,2022-02-09 23:01:26
2152659,port macquarie,-31.4333,152.9167,78.89,52.0,1.0,1.54,AU,1644447620,2022-02-09 23:00:20
2027806,amazar,53.858,120.875,-3.39,97.0,100.0,2.64,RU,1644447686,2022-02-09 23:01:26
5582371,steamboat springs,40.485,-106.8317,38.93,63.0,100.0,0.0,US,1644447624,2022-02-09 23:00:24
1274571,charkhi dadri,28.6,76.2667,51.33,88.0,0.0,1.66,IN,1644447687,2022-02-09 23:01:27
6533368,moranbah,-22.0016,148.0466,79.86,56.0,1.0,2.24,AU,1644447687,2022-02-09 23:01:27
2520645,cabra,37.4725,-4.4421,49.89,78.0,0.0,3.44,ES,1644447687,2022-02-09 23:01:27
5557293,sitka,57.0531,-135.33,44.49,87.0,100.0,14.97,US,1644447456,2022-02-09 22:57:36
503067,rakitnoye,50.8389,35.8515,34.05,94.0,99.0,9.64,RU,1644447688,2022-02-09 23:01:28
452949,udomlya,57.8794,34.9925,27.43,92.0,95.0,8.97,RU,1644447688,2022-02-09 23:01:28
2097418,finschhafen,-6.6024,147.8681,83.14,77.0,98.0,4.88,PG,1644447688,2022-02-09 23:01:28
547383,klyavlino,54.2649,52.0267,17.49,94.0,100.0,15.57,RU,1644447689,2022-02-09 23:01:29
4061234,fairhope,30.523,-87.9033,62.44,43.0,0.0,4.61,US,1644447292,2022-02-09 22:54:52
2079582,alyangula,-13.8483,136.4192,84.52,72.0,87.0,14.9,AU,1644447689,2022-02-09 23:01:29
2063523,perth,-31.9333,115.8333,70.66,58.0,0.0,17.27,AU,1644447611,2022-02-09 23:00:11
7281807,seddon,-37.8068,144.8916,71.67,70.0,75.0,8.05,AU,1644447690,2022-02-09 23:01:30
3082704,walcz,53.2779,16.4712,42.12,85.0,99.0,11.95,PL,1644447690,2022-02-09 23:01:30
1791325,wuda,39.4994,106.7117,14.97,77.0,59.0,4.92,CN,1644447691,2022-02-09 23:01:31
2091996,madang,-5.2246,145.7966,80.94,83.0,90.0,4.47,PG,1644447691,2022-02-09 23:01:31
2015701,taksimo,56.3444,114.8794,-15.81,94.0,84.0,1.95,RU,1644447692,2022-02-09 23:01:32
3465329,coruripe,-10.1256,-36.1756,80.02,75.0,50.0,12.06,BR,1644447692,2022-02-09 23:01:32
2090021,namatanai,-3.6667,152.4333,83.88,71.0,49.0,4.65,PG,1644447692,2022-02-09 23:01:32
2435124,bitkine,11.9801,18.2138,68.29,10.0,1.0,7.4,TD,1644447693,2022-02-09 23:01:33
2253354,dakar,14.6937,-17.4441,74.28,63.0,45.0,16.42,SN,1644447693,2022-02-09 23:01:33
5666176,miles city,46.4083,-105.8406,49.51,49.0,82.0,10.78,US,1644447631,2022-02-09 23:00:31
3575755,la plaine,15.3333,-61.25,75.88,76.0,55.0,17.13,DM,1644447693,2022-02-09 23:01:33
3452216,prudentopolis,-25.2131,-50.9778,66.99,79.0,44.0,0.81,BR,1644447694,2022-02-09 23:01:34
901766,namwala,-15.7504,26.4384,65.61,96.0,99.0,2.86,ZM,1644447694,2022-02-09 23:01:34
3904221,sipe sipe,-17.45,-66.3833,56.75,68.0,92.0,3.83,BO,1644447694,2022-02-09 23:01:34
3893726,constitucion,-35.3333,-72.4167,64.2,73.0,17.0,11.83,CL,1644447594,2022-02-09 22:59:54
457860,livani,56.3543,26.1758,38.14,81.0,100.0,13.33,LV,1644447695,2022-02-09 23:01:35
3909010,pailon,-17.65,-62.75,79.74,41.0,52.0,3.76,BO,1644447695,2022-02-09 23:01:35
1637510,loa janan,-0.583,117.095,72.57,99.0,100.0,1.5,ID,1644447695,2022-02-09 23:01:35
5145607,alliance,40.9153,-81.1059,46.69,97.0,95.0,9.51,US,1644447695,2022-02-09 23:01:35
5563397,eureka,40.8021,-124.1637,73.36,57.0,1.0,10.0,US,1644447696,2022-02-09 23:01:36
3395981,maceio,-9.6658,-35.7353,80.04,78.0,20.0,8.05,BR,1644447545,2022-02-09 22:59:05
1529102,urumqi,43.801,87.6005,7.75,85.0,40.0,4.47,CN,1644447610,2022-02-09 23:00:10
6162949,terrace,54.5163,-128.6035,44.42,100.0,100.0,4.29,CA,1644447696,2022-02-09 23:01:36
3175788,oga,46.4631,10.347,29.61,27.0,7.0,2.55,IT,1644447697,2022-02-09 23:01:37
100926,umm lajj,25.0213,37.2685,69.93,60.0,0.0,12.84,SA,1644447697,2022-02-09 23:01:37
1503726,kharp,66.8014,65.8081,-2.92,100.0,100.0,1.21,RU,1644447698,2022-02-09 23:01:38
3556969,holguin,20.8872,-76.2631,76.51,70.0,93.0,8.08,CU,1644447603,2022-02-09 23:00:03
2130404,ebetsu,43.1081,141.5506,3.29,91.0,38.0,1.66,JP,1644447698,2022-02-09 23:01:38
3381041,mana,5.6592,-53.7767,76.93,81.0,60.0,7.94,GF,1644447698,2022-02-09 23:01:38
2633982,wick,58.4333,-3.0833,35.35,93.0,75.0,23.02,GB,1644447699,2022-02-09 23:01:39
2229748,kumbo,6.2,10.6667,62.35,26.0,48.0,4.83,CM,1644447699,2022-02-09 23:01:39
2093685,kokopo,-4.352,152.2633,83.16,69.0,96.0,4.54,PG,1644447700,2022-02-09 23:01:40
2310046,bata,1.8639,9.7658,79.21,83.0,78.0,4.92,GQ,1644447700,2022-02-09 23:01:40
1861280,itoman,26.1247,127.6694,64.42,94.0,75.0,14.97,JP,1644447700,2022-02-09 23:01:40
1024312,mocuba,-16.8392,36.9856,71.47,94.0,50.0,2.73,MZ,1644447701,2022-02-09 23:01:41
1576633,lang son,21.8333,106.7333,48.16,95.0,100.0,3.38,VN,1644447513,2022-02-09 22:58:33
3939761,hualmay,-11.0964,-77.6139,71.62,76.0,85.0,8.37,PE,1644447701,2022-02-09 23:01:41
2221530,tibati,6.4667,12.6333,67.14,19.0,78.0,3.98,CM,1644447701,2022-02-09 23:01:41
6301965,howard springs,-12.497,131.047,80.87,97.0,95.0,4.63,AU,1644447702,2022-02-09 23:01:42
3644417,ejido,8.5514,-71.2375,70.03,91.0,100.0,1.52,VE,1644447702,2022-02-09 23:01:42
4755280,danville,36.586,-79.395,54.25,72.0,1.0,4.65,US,1644447683,2022-02-09 23:01:23
5699404,scottsbluff,41.8666,-103.6672,49.28,39.0,100.0,7.0,US,1644447542,2022-02-09 22:59:02
2338711,igboho,8.8333,3.75,80.04,15.0,1.0,3.18,NG,1644447704,2022-02-09 23:01:44
1307741,myitkyina,25.3833,97.4,51.3,74.0,2.0,2.44,MM,1644447704,2022-02-09 23:01:44
315498,eregli,37.5133,34.0467,29.71,96.0,100.0,5.61,TR,1644447705,2022-02-09 23:01:45
3374235,sal rei,16.1833,-22.9167,70.36,81.0,67.0,11.41,CV,1644447705,2022-02-09 23:01:45
102527,sakakah,29.9697,40.2064,55.08,37.0,40.0,12.44,SA,1644447706,2022-02-09 23:01:46
1633034,palu,-0.8917,119.8707,75.69,95.0,100.0,1.5,ID,1644447706,2022-02-09 23:01:46
5906757,bow island,49.8668,-111.3684,51.62,45.0,59.0,7.61,CA,1644447602,2022-02-09 23:00:02
3157679,fevik,58.3794,8.6766,38.97,73.0,52.0,18.03,NO,1644447706,2022-02-09 23:01:46
2649089,fraserburgh,57.6874,-2.0184,36.12,73.0,60.0,18.19,GB,1644447707,2022-02-09 23:01:47
1267390,kavaratti,10.5669,72.642,79.12,72.0,99.0,15.35,IN,1644447592,2022-02-09 22:59:52
2013639,verkhnevilyuysk,63.4453,120.3167,-38.81,100.0,90.0,0.98,RU,1644447707,2022-02-09 23:01:47
3406844,baiao,-2.7906,-49.6717,73.35,98.0,88.0,2.21,BR,1644447707,2022-02-09 23:01:47
5859699,college,64.8569,-147.8028,-3.71,76.0,100.0,0.0,US,1644447517,2022-02-09 22:58:37
3419842,sisimiut,66.9395,-53.6735,5.22,96.0,100.0,10.0,GL,1644447708,2022-02-09 23:01:48
2166368,forbes,-33.3833,148.0167,81.77,28.0,37.0,8.68,AU,1644447708,2022-02-09 23:01:48
5146711,beachwood,41.4645,-81.5087,44.55,53.0,0.0,9.22,US,1644447708,2022-02-09 23:01:48
2077895,alice springs,-23.7,133.8833,78.35,47.0,47.0,9.22,AU,1644447678,2022-02-09 23:01:18
2017215,sangar,63.9242,127.4739,-34.31,100.0,100.0,2.66,RU,1644447709,2022-02-09 23:01:49
5554072,juneau,58.3019,-134.4197,46.98,98.0,100.0,8.01,US,1644447662,2022-02-09 23:01:02
3374083,bathsheba,13.2167,-59.5167,76.98,70.0,23.0,17.98,BB,1644447615,2022-02-09 23:00:15
2319078,wawa,9.9022,4.4192,81.61,19.0,0.0,6.49,NG,1644447709,2022-02-09 23:01:49
3393536,olinda,-8.0089,-34.8553,80.29,70.0,20.0,11.54,BR,1644447601,2022-02-09 23:00:01
3032544,bischwiller,48.7659,7.8583,44.1,78.0,0.0,3.44,FR,1644447710,2022-02-09 23:01:50
2036338,kaitong,44.8135,123.15,-0.09,99.0,66.0,5.28,CN,1644447710,2022-02-09 23:01:50
2303611,axim,4.8699,-2.2405,78.03,90.0,7.0,6.04,GH,1644447711,2022-02-09 23:01:51
1337619,ugoofaaru,5.6667,73.0,80.85,74.0,43.0,9.4,MV,1644447711,2022-02-09 23:01:51
497024,senno,59.5336,33.9167,29.26,94.0,96.0,9.26,RU,1644447712,2022-02-09 23:01:52
544203,koshki,54.2091,50.4677,22.42,93.0,100.0,16.91,RU,1644447712,2022-02-09 23:01:52
2359317,kokologo,12.1897,-1.8856,75.36,13.0,0.0,9.73,BF,1644447712,2022-02-09 23:01:52
3354071,oranjemund,-28.55,16.4333,63.97,89.0,0.0,8.72,NA,1644447713,2022-02-09 23:01:53
6144312,sept-iles,50.2001,-66.3821,30.06,93.0,100.0,5.01,CA,1644447713,2022-02-09 23:01:53
4944903,nantucket,41.2835,-70.0995,36.09,77.0,0.0,11.36,US,1644447499,2022-02-09 22:58:19
3386213,touros,-5.1989,-35.4608,83.3,70.0,69.0,11.97,BR,1644447713,2022-02-09 23:01:53
2961459,skibbereen,51.55,-9.2667,40.8,69.0,100.0,7.78,IE,1644447714,2022-02-09 23:01:54
517982,novosergiyevka,52.0934,53.6528,16.41,92.0,100.0,13.18,RU,1644447714,2022-02-09 23:01:54
2014624,udachnyy,66.4167,112.4,-6.56,83.0,100.0,2.68,RU,1644447714,2022-02-09 23:01:54
3870243,taltal,-25.4,-70.4833,66.16,76.0,21.0,2.39,CL,1644447622,2022-02-09 23:00:22
1630789,pontianak,-0.0333,109.3333,75.18,94.0,75.0,3.44,ID,1644447715,2022-02-09 23:01:55
564022,duvan,55.695,57.9024,5.49,96.0,96.0,3.69,RU,1644447715,2022-02-09 23:01:55
4033356,tiarei,-17.5333,-149.3333,86.02,77.0,21.0,14.97,PF,1644447716,2022-02-09 23:01:56
3185211,kavaje,41.1856,19.5569,32.16,74.0,0.0,3.49,AL,1644447716,2022-02-09 23:01:56
1513491,komsomolskiy,40.4272,71.7189,35.02,80.0,100.0,4.61,UZ,1644447716,2022-02-09 23:01:56
552256,karpogory,64.0019,44.4451,18.66,95.0,99.0,7.63,RU,1644447717,2022-02-09 23:01:57
3579925,saint-georges,12.0564,-61.7485,80.28,74.0,75.0,14.97,GD,1644447506,2022-02-09 22:58:26
1606983,rong kwang,18.339,100.3174,65.43,54.0,5.0,1.81,TH,1644447717,2022-02-09 23:01:57
962367,richards bay,-28.783,32.0377,69.91,91.0,0.0,2.77,ZA,1644447526,2022-02-09 22:58:46
1492607,severnoye,56.3491,78.3619,-14.78,99.0,6.0,6.06,RU,1644447717,2022-02-09 23:01:57
3697441,el alto,-4.2714,-81.2147,72.57,70.0,86.0,14.61,PE,1644447718,2022-02-09 23:01:58
6145890,shelburne,44.0787,-80.2041,36.12,82.0,97.0,15.1,CA,1644447636,2022-02-09 23:00:36
1795857,shaowu,27.3409,117.4831,41.18,96.0,80.0,0.94,CN,1644447718,2022-02-09 23:01:58
2084442,vanimo,-2.6741,141.3028,80.44,82.0,78.0,1.81,PG,1644447719,2022-02-09 23:01:59
3150639,kabelvag,68.2114,14.4817,35.6,87.0,40.0,26.46,NO,1644447719,2022-02-09 23:01:59
1808722,hefei,31.8639,117.2808,38.16,91.0,100.0,1.48,CN,1644447603,2022-02-09 23:00:03
1278827,ambikapur,23.1167,83.2,61.38,69.0,99.0,6.42,IN,1644447719,2022-02-09 23:01:59
1529484,hami,42.8,93.45,26.08,38.0,100.0,3.02,CN,1644447720,2022-02-09 23:02:00
2453662,markala,13.7021,-6.0659,76.3,11.0,0.0,11.95,ML,1644447720,2022-02-09 23:02:00
1852357,shimoda,34.6667,138.95,37.11,95.0,100.0,18.97,JP,1644447720,2022-02-09 23:02:00
2455216,kita,13.0349,-9.4895,77.23,13.0,27.0,4.97,ML,1644447721,2022-02-09 23:02:01
1815656,changli,39.7042,119.1506,29.8,62.0,0.0,2.46,CN,1644447721,2022-02-09 23:02:01
2146219,hervey bay,-25.2986,152.8535,81.03,69.0,3.0,7.0,AU,1644447642,2022-02-09 23:00:42
627907,gomel,52.4345,30.9754,31.51,98.0,100.0,11.54,BY,1644447722,2022-02-09 23:02:02
2896643,ihlow,51.8833,13.3333,48.29,81.0,75.0,6.91,DE,1644447722,2022-02-09 23:02:02
3661944,tefe,-3.3542,-64.7114,86.11,79.0,20.0,3.44,BR,1644447723,2022-02-09 23:02:03
2027277,babstovo,48.1167,132.4833,1.89,97.0,100.0,4.85,RU,1644447723,2022-02-09 23:02:03
3416888,grindavik,63.8424,-22.4338,23.47,74.0,0.0,10.36,IS,1644447723,2022-02-09 23:02:03
4033557,tautira,-17.7333,-149.15,86.02,79.0,36.0,15.52,PF,1644447724,2022-02-09 23:02:04
207570,mwene-ditu,-7.0,23.45,66.76,93.0,100.0,1.12,CD,1644447724,2022-02-09 23:02:04
2026777,berkakit,56.5807,124.7681,-36.78,100.0,100.0,1.72,RU,1644447724,2022-02-09 23:02:04
3896774,carahue,-38.7,-73.1667,61.83,64.0,16.0,7.83,CL,1644447725,2022-02-09 23:02:05
656083,jamsa,61.8642,25.19,31.14,92.0,99.0,7.94,FI,1644447725,2022-02-09 23:02:05
525426,sobolevo,54.4299,31.8996,30.06,94.0,100.0,12.46,RU,1644447726,2022-02-09 23:02:06
1642773,japura,-0.3167,102.35,69.71,97.0,100.0,3.06,ID,1644447726,2022-02-09 23:02:06
3460232,jaguarao,-32.5661,-53.3758,68.81,61.0,13.0,10.47,BR,1644447727,2022-02-09 23:02:07
1623197,tual,-5.6667,132.75,80.35,85.0,100.0,17.76,ID,1644447727,2022-02-09 23:02:07
906221,mkushi,-13.6202,29.3939,64.09,96.0,100.0,0.18,ZM,1644447727,2022-02-09 23:02:07
1215502,banda aceh,5.5577,95.3222,77.04,80.0,100.0,3.4,ID,1644447728,2022-02-09 23:02:08
3584003,puerto el triunfo,13.2833,-88.55,83.35,54.0,53.0,6.22,SV,1644447728,2022-02-09 23:02:08
117392,saqqez,36.2499,46.2735,21.81,78.0,20.0,4.05,IR,1644447728,2022-02-09 23:02:08
1507116,dudinka,69.4058,86.1778,-3.39,97.0,100.0,16.58,RU,1644447729,2022-02-09 23:02:09
893485,chiredzi,-21.05,31.6667,75.6,52.0,19.0,3.98,ZW,1644447729,2022-02-09 23:02:09
